"Module","Feature","Status","Evidence","Severity","Notes"
"Access","Staff sign-in","IMPLEMENTED — VERIFIED","B/H: fictional admin authenticated and school home opened","—","Limited to successful local staff sign-in; recovery/MFA/deployment not certified"
"Foundation","Operator school bootstrap","IMPLEMENTED — VERIFIED","H/D: real bootstrap creates school, UGX, programmes and ten classes","—","Operator API workflow; final client customization needs acceptance"
"Foundation","Academic year and terms","PARTIALLY IMPLEMENTED","H/I/S: 2026 and three terms persisted; academic-year suites passed","—","Whole browser close/reopen/overlap/history flow NOT VERIFIED"
"Foundation","Nursery/primary programmes and grades","PARTIALLY IMPLEMENTED","H/D/S: Nursery ECD, Lower/Upper Primary; Baby/Middle/Top/P1–P7","—","Client-specific curriculum/subjects/templates NOT VERIFIED"
"Academics","Streams, capacity and overrides","PARTIALLY IMPLEMENTED","I/S: enrollment/structure/concurrency suites","—","Full registrar stream/capacity/override UI and reports NOT VERIFIED"
"Academics","Subjects, curriculum and weight configuration","PARTIALLY IMPLEMENTED","I/S: academic foundation/course/assessment modules","—","School-approved thematic/transition/upper-primary configuration NOT VERIFIED"
"Teachers","Teacher/staff creation and employment profile","PARTIALLY IMPLEMENTED","I/S: teacher ownership, HR/people suites","—","New teacher browser setup through assigned timetable NOT VERIFIED"
"Teachers","Class/subject teacher ownership","INCONSISTENT","I: core teacher tests pass; H: specialized nursery/report bypasses","P0","F01/F02; assignment does not consistently constrain every path"
"Timetable","Teacher/class/room conflict and publication","PARTIALLY IMPLEMENTED","I/S: timetable/academic modules and constraints","—","Complete conflict/UI/publication/parent visibility chain NOT VERIFIED"
"Admissions","Application, review, interview, decisions and conversion","PARTIALLY IMPLEMENTED","I/S: admissions workflow/concurrency suites","—","Full parent/registrar application/document/interview UI NOT VERIFIED"
"Admissions","Application fees and payment reconciliation","PARTIALLY IMPLEMENTED","I/S: admission-fee implementation and workflow tests","—","Live external payment/receipt/browser conversion chain NOT VERIFIED"
"Students","Quick registration and duplicate handling","INCONSISTENT","H/D: register persists identity/placement, accepts duplicate child","P1","F07; alternative create path has a likely-match check"
"Students","Admission identifiers","PARTIALLY IMPLEMENTED","H/D/I: generated distinct STU identifiers; sequence tests","—","Import/custom-number collision UI and all concurrency paths NOT VERIFIED"
"Guardians","Multiple guardians and family relationships","PARTIALLY IMPLEMENTED","H/I/S: real linked guardian and portal identity","—","Multiple children/guardians/emergency-contact full UI NOT VERIFIED"
"Guardians","Primary/emergency/authorized-collector contact","INCONSISTENT","H/B/S: guardian listed; normal release fails and teacher reads phone","P0","F01/F06; ordinary contact maintenance otherwise NOT VERIFIED"
"Students","Pupil 360 profile, edits and photo","PARTIALLY IMPLEMENTED","I/S: wave13 atomic registrar/profile/redaction cases passed","—","Complete all-tabs/upload/refresh lifecycle NOT VERIFIED"
"Students","Medical confidentiality","INCONSISTENT","I: generic profile redaction; H: immunisation route leaks","P0","F01; sensitive policy differs between entry points"
"Enrollment","Initial active enrollment and class placement","PARTIALLY IMPLEMENTED","H/D/I: registered placed pupils; exclusion/unique preflight","—","Whole stream-specific UI capacity/history acceptance NOT VERIFIED"
"Enrollment","Class/stream transfer and withdrawal","PARTIALLY IMPLEMENTED","I/S: placement/lifecycle cases","—","One browser transfer/withdraw/history/fees reconciliation NOT VERIFIED"
"Enrollment","Return, re-admission and repeat","PARTIALLY IMPLEMENTED","I/S: lifecycle and rollover modules","—","Same-identity return and repeat whole-role browser chain NOT VERIFIED"
"Enrollment","Promotion, approval and graduation","PARTIALLY IMPLEMENTED","I/S: rollover/lifecycle suites","—","Full school bulk exceptions and next-year historical reports NOT VERIFIED"
"Enrollment","Historical placements and academic records","PARTIALLY IMPLEMENTED","I/D/S: effective placement tests; legacy marks parity matches","—","All historical report consumers following real transfers NOT VERIFIED"
"Attendance","Daily/bulk attendance and rates","INCONSISTENT","H/D: late saved; student history returns 150%","P1","F08; selected membership/concurrency cases otherwise pass"
"Attendance","Roster membership, transfers and duplicate marks","PARTIALLY IMPLEMENTED","I/S: attendance/admissions/production invariant suites","—","All real teacher corrections/withdrawn/term-lock UI cases NOT VERIFIED"
"Attendance","Correction, notes and audit history","PARTIALLY IMPLEMENTED","I/S: attendance source and tests","—","Full correction approval/denial/history/report flow NOT VERIFIED"
"Attendance","Subject/session attendance where contracted","OPTIONAL","S: teaching/session capability inspected; end-to-end NOT VERIFIED","—","Separate acceptance if subject attendance is required"
"Early years","Daily care, moods, meals, naps and notes","BROKEN","H/D: real logs; unassigned teacher reads/edits private draft","P0","F01; value exists but confidentiality fails"
"Early years","Deliberate sharing with guardian","PARTIALLY IMPLEMENTED","H/D: draft excluded, shared own-child included, other child denied","—","Actual parent browser/correction notification workflow NOT VERIFIED"
"Early years","Authorized guardian child collection","BROKEN","B/H/D: guardian button fails; API rejects; zero pickup events","P1","F06"
"Early years","Third-party pickup authorization and override","PARTIALLY IMPLEMENTED","I/S: early-years service/test cases","—","Expiry/revocation/replay/full gate browser chain NOT VERIFIED"
"Early years","Immunisations and health history","BROKEN","H: private health returned to unassigned teacher","P0","F01; full reminder/document browser flow NOT VERIFIED"
"Early years","Incident/safeguarding review and notification","BROKEN","H: serious incident returned to unassigned teacher","P0","F01; live notification and designated-access workflow NOT VERIFIED"
"Assessment","Nursery observations and rubric authoring","PARTIALLY IMPLEMENTED","I/S: ECD assessment; raw JSON criteria editor","P2","F15; human-friendly complete rubric/report flow NOT VERIFIED"
"Assessment","Continuous assessment, gradebook and marks","PARTIALLY IMPLEMENTED","I/U/S: unified/core/roster/gradebook/exam suites","—","Configured class browser marking/review journey NOT VERIFIED"
"Assessment","Absent/missing/exempt/invalid marks","PARTIALLY IMPLEMENTED","I/U/S: result/exam/assessment asserted cases","—","Every school-configured boundary and UI state NOT VERIFIED"
"Results","Stage-compatible grades and decimal boundaries","PARTIALLY IMPLEMENTED","I/U/S: wave13/current grading tests and resolver","—","Actual school-scale independent printable sample acceptance NOT VERIFIED"
"Results","Approval, publication and integrity gates","PARTIALLY IMPLEMENTED","I/S: result integrity, segregation, freshness/checksum cases","—","Complete head/teacher/guardian browser release chain NOT VERIFIED"
"Results","Amendment, locked reads and revision history","PARTIALLY IMPLEMENTED","I/S: released revision retained until replacement publication","—","Complete real user correction/print/history journey NOT VERIFIED"
"Results","Nursery/primary report cards and print/export","PARTIALLY IMPLEMENTED","I/S: stage-sensitive report template builders","—","Final PDFs/layout/data/parent delivery NOT VERIFIED"
"Statutory","UNEB continuous assessment/candidate output","PARTIALLY IMPLEMENTED","I/S: school-statutory-phase6 passed","—","Current official submission specification/file acceptance NOT VERIFIED"
"Fees","Fee structure, versions, schedules and assignments","PARTIALLY IMPLEMENTED","H/D/I: tuition publish/schedule/generation; real DB","—","Full bursar configuration/discount/history UI NOT VERIFIED"
"Fees","Invoices and repeat generation","PARTIALLY IMPLEMENTED","H/D/I: invoices persist; already-billed retry skipped","—","Final invoice print/cancel/rebill/reconciliation workflow NOT VERIFIED"
"Fees","Partial payment and allocation","PARTIALLY IMPLEMENTED","H/D/I: 350,000 minus 100,000 equals 250,000","—","Full UI→printed receipt→day close NOT VERIFIED"
"Fees","Overpayment, advance credit and reconciliation","PARTIALLY IMPLEMENTED","I/S: fees integrity/concurrency modules","—","Complete school-configured credit/refund/browser cases NOT VERIFIED"
"Fees","Discounts, scholarship, waiver and bursary","PARTIALLY IMPLEMENTED","I/S: fee policies/assignments","—","Full approvals and client report effects NOT VERIFIED"
"Fees","Adjustments and approval","BROKEN","H/D: wrong-pupil accepted; real scheduled approvals double-post","P0","F03/F04"
"Fees","Financial close and queued billing","BROKEN","H/D/S: pending run posts after successful close","P1","F05"
"Fees","Cash collection and session reconciliation","INCONSISTENT","H/D/S: payment/GL exists; zero drawer movement","P1","F09; shared cash-session capability not wired into fee flow"
"Fees","Bank collection and statement matching","PARTIALLY IMPLEMENTED","I/S: accounting/payment services","—","Real bank import/statement/mixed allocation/receipt chain NOT VERIFIED"
"Fees","Payment reversal/refund and ledger consistency","PARTIALLY IMPLEMENTED","I/S: integrity/concurrency/reversal suites","—","Full authorized bursar browser/receipt/reconcile flow NOT VERIFIED"
"Fees","Live MTN/Airtel collection and settlement","BROKEN","S: MTN reference mismatch; provider contract checked","P1 if enabled","F13; provider acceptance/settlement NOT VERIFIED; defer by disabling"
"Fees","Manual recording of externally confirmed MoMo receipt","PARTIALLY IMPLEMENTED","I/S: mobile_money payment method exists","—","Distinct from initiating live provider charge; full verification/receipt chain NOT VERIFIED"
"Fees","Penalties and period controls","PARTIALLY IMPLEMENTED","I/S: penalty generation and term guard","—","All live schedules, rounding, closed-term UI/report behavior NOT VERIFIED"
"Portal","Parent invitation and account activation","PARTIALLY IMPLEMENTED","H/I/S: invite creates identity; fixture activated for auth test","—","Actual email delivery/acceptance/reset NOT VERIFIED"
"Portal","Own-child profile/fees/result access","PARTIALLY IMPLEMENTED","H/I: own-child dashboard allowed, foreign child pay quote denied","—","Every family endpoint/browser export/result/payment NOT VERIFIED"
"Portal","Identity revocation and token permission refresh","PARTIALLY IMPLEMENTED","H: revoked guardian existing token gets 403","—","All identities/session/role changes and complete UI lifecycle NOT VERIFIED"
"Portal","Courses/progress/due items with feature flags","INCONSISTENT","H/S: advanced-LMS-off endpoint 404; page substitutes empty","P2","F14"
"Portal","Teacher and student full self-service","PARTIALLY IMPLEMENTED","I/S: portal/LMS/teacher ownership assertions","—","Complete current teacher/student browser journeys NOT VERIFIED"
"Communication","Announcements, templates and recipient selection","PARTIALLY IMPLEMENTED","I/S: wave2-notifications/communication modules","—","Full real recipient/approval/history UI NOT VERIFIED"
"Communication","Email/SMS delivery, failure and emergency messages","PARTIALLY IMPLEMENTED","I/S: providers/outbox present; external transport disabled in audit","—","Real school sender, actual delivery/retry/emergency chain NOT VERIFIED"
"Reporting","Student register, filters and export access","BROKEN","H: empty teacher roster but report returns school pupils","P0","F02"
"Reporting","Attendance histories and summary reports","INCONSISTENT","H/D: pupil attendance rate 150%; reporting suites pass other cases","P1","F08; every export/portal consumer requires reconciliation"
"Reporting","Fee/payment/GL/cash reports and historical filters","PARTIALLY IMPLEMENTED","I/H/S: selected amounts and ledger checked","P1","F03/F09 affect truth/reconciliation; all report totals NOT VERIFIED"
"Dashboard","Current-term pupil/fee/setup/approval overview","PARTIALLY IMPLEMENTED","B/H/D/I: selected real counts and cash collection observed","—","Every metric, cache, historical/date filter and role variant NOT VERIFIED"
"Library","Catalogue, copies, issue/return/renewal/loss","OPTIONAL","I/S: library source/tests; full desk workflow NOT VERIFIED","—","Required only when library service is part of client scope"
"Library","Fine management staff desk","BACKEND ONLY","I/S: backend fine test passes; UI coming soon","P2 if used","F16"
"Transport","Routes, drivers, pickup points, allocation, capacity and fees","OPTIONAL","S: transport modules; complete operations NOT VERIFIED","—","Client-specific safety/capacity/billing acceptance required if sold"
"Boarding","Rooms/beds/check-in/attendance and boarding charges","OPTIONAL","S: hostel modules; complete workflow NOT VERIFIED","—","Separate boarding-client acceptance"
"Meals","Plans, feeding attendance, kitchen and finance","OPTIONAL","I/S: meal lifecycle/finance-kitchen suites passed","—","Nursery/day-school meal desk full UI NOT VERIFIED"
"HR","Staff/payroll/leave and school bridge","OPTIONAL","I/S: Uganda payroll, proration, people, self-service passed","—","Staff identity needed for scope; payroll full client acceptance separate"
"LMS/CBT","Advanced learning delivery, homework and online exams","OPTIONAL","I/S: LMS/CBT suites; advanced module default off","—","Not a basic nursery/primary launch obligation; hide disabled links"
"Documents","Upload, protected download and document history","PARTIALLY IMPLEMENTED","I/S: DMS snapshot/lifecycle plus school document source","—","Actual school upload, outage, malware/tenant download and files restore NOT VERIFIED"
"Administration","Users, roles, settings and audits","PARTIALLY IMPLEMENTED","H/I/S: invite/revoke, per-request permissions and audit infrastructure","P0","F01/F02 block safe authorization; full role CRUD/action audit coverage NOT VERIFIED"
"Tenancy","School boundary/RLS defense","PARTIALLY IMPLEMENTED","H/I/D: foreign pupil 404, role tests pass, 622 policies","—","Representative runtime proof; all file/export/search/job paths NOT VERIFIED"
"Database","Fresh migrations and required invariant preflight","IMPLEMENTED — VERIFIED","D: 164 migrations and executable constraint/RLS/FK checks pass","—","Local PostgreSQL 18 only; upgraded production PostgreSQL 16 still needs drill"
"Recovery","Manual isolated database dump/restore","IMPLEMENTED — VERIFIED","D: stable snapshot 642 table counts and 60 residuals match","—","Fictional logical DB only; app automation/files/offsite not certified"
"Recovery","Scheduled actual restore verification","MISSING","S: scheduled check only lists archive via verifyOnly","P1","F12; actual recurring recovery drill is absent from this scheduled path"
"Deployment","Production images, URLs, capabilities and boot","BROKEN","D/S: merged config and local module resolution expose defects","P1","F10/F11; Docker daemon unavailable, actual image boot NOT VERIFIED"
"Reliability","Production monitoring, outbox/shutdown and failure recovery","PARTIALLY IMPLEMENTED","I/S: worker infrastructure; test lifecycle errors/open unit runner","P2","F19; real outage/alerts/replay/production load NOT VERIFIED"
"Installed app","School PWA/mobile/offline experience","INCONSISTENT","B/S: mobile-width selected pages; POS Cafe /pos manifest","P3","F20; full device accessibility and offline school writes NOT VERIFIED"
"Generic ERP","Manufacturing, rental, repair and unrelated retail workflows","NOT APPLICABLE","S: modules exist and some tests pass","—","Outside defined nursery/primary school launch scope"